iter	RMSE
0	22.7253153
1	21.21460108
2	20.70436176
3	19.57516518
4	19.17888449
5	18.48922898
6	17.09126632
7	16.51200944
8	14.58340042
9	13.49555734
