model,MAE,MAPE,size_hint
LGBM per-SKU,548.1169987660178,6.608824726479566,joblib per-pair
RandomForest per-SKU,570.7037734363186,9.178726051353722,joblib per-pair
LSTM per-SKU,2326.036444091797,1139.6940754354,pt per-pair
CatBoost global,56.33578196684104,33.12203827891498,global
XGBoost global,51.01357269008896,52.136707487946786,global
